Frame No,Count,Type1,Color1,Type2,Color2,Question1 Time,Question2 Time,Question3 Time,Question4 Time
1,1,Hatchback,Silver,,,0.056,0.135,1.412,0.006
2,1,Hatchback,Silver,,,0.056,0.129,0.039,0.007
3,1,Sedan,Black,,,0.056,0.128,0.041,0.006
4,1,Hatchback,Silver,,,0.056,0.129,0.039,0.007
5,1,Hatchback,Silver,,,0.056,0.135,0.037,0.009
6,1,Hatchback,Silver,,,0.056,0.131,0.036,0.01
7,1,Hatchback,Black,,,0.056,0.143,0.039,0.006
8,1,Hatchback,Black,,,0.056,0.154,0.044,0.007
9,1,Hatchback,Black,,,0.056,0.144,0.039,0.009
10,1,Hatchback,Black,,,0.056,0.131,0.039,0.006
11,1,Hatchback,Black,,,0.056,0.129,0.038,0.006
12,1,Hatchback,Black,,,0.056,0.131,0.041,0.007
13,1,Hatchback,Black,,,0.056,0.131,0.036,0.006
14,1,Hatchback,Black,,,0.056,0.132,0.039,0.007
15,1,Hatchback,Black,,,0.056,0.132,0.037,0.006
16,1,Hatchback,Black,,,0.056,0.132,0.036,0.006
17,1,Hatchback,Black,,,0.056,0.109,0.04,0.004
18,1,Hatchback,Black,,,0.056,0.106,0.038,0.004
19,1,Hatchback,Black,,,0.056,0.111,0.042,0.004
20,1,Hatchback,Black,,,0.056,0.132,0.039,0.004
21,1,Hatchback,Black,,,0.056,0.131,0.042,0.003
22,1,Hatchback,Black,,,0.056,0.134,0.039,0.003
23,0,,,,,0.056,0.148,,
24,0,,,,,0.056,0.123,,
25,0,,,,,0.056,0.124,,
26,0,,,,,0.056,0.126,,
27,0,,,,,0.056,0.124,,
28,0,,,,,0.056,0.125,,
29,0,,,,,0.056,0.122,,
30,0,,,,,0.056,0.124,,
31,0,,,,,0.056,0.124,,
32,0,,,,,0.056,0.126,,
33,0,,,,,0.056,0.132,,
34,0,,,,,0.056,0.109,,
35,0,,,,,0.056,0.174,,
36,0,,,,,0.056,0.156,,
37,0,,,,,0.056,0.145,,
38,0,,,,,0.056,0.123,,
39,0,,,,,0.056,0.126,,
40,0,,,,,0.056,0.13,,
41,0,,,,,0.056,0.107,,
42,0,,,,,0.056,0.104,,
43,0,,,,,0.056,0.125,,
44,0,,,,,0.056,0.128,,
45,0,,,,,0.056,0.124,,
46,0,,,,,0.056,0.123,,
47,0,,,,,0.056,0.145,,
48,0,,,,,0.056,0.134,,
49,0,,,,,0.056,0.127,,
50,0,,,,,0.056,0.126,,
51,0,,,,,0.056,0.127,,
52,0,,,,,0.056,0.13,,
53,0,,,,,0.056,0.128,,
54,0,,,,,0.056,0.123,,
55,1,Hatchback,Black,,,0.056,0.133,0.036,0.004
56,0,,,,,0.056,0.122,,
57,0,,,,,0.056,0.125,,
58,1,Hatchback,Black,,,0.056,0.131,0.038,0.008
59,1,Hatchback,Black,,,0.056,0.128,0.04,0.008
60,0,,,,,0.056,0.123,,
61,1,Hatchback,Black,,,0.056,0.134,0.037,0.007
62,0,,,,,0.056,0.129,,
63,2,Hatchback,Black,Hatchback,Black,0.056,0.196,0.075,0.014
64,2,Hatchback,Black,Hatchback,Black,0.056,0.143,0.074,0.019
65,2,Hatchback,Black,Hatchback,Black,0.056,0.169,0.074,0.016
66,1,Hatchback,Black,,,0.056,0.152,0.037,0.007
67,1,Hatchback,Black,,,0.056,0.115,0.036,0.006
68,1,Hatchback,Black,,,0.056,0.106,0.038,0.005
69,1,Hatchback,Black,,,0.056,0.132,0.038,0.005
70,1,Hatchback,Black,,,0.056,0.131,0.039,0.007
71,1,Sedan,Black,,,0.056,0.136,0.038,0.006
72,1,Hatchback,Black,,,0.056,0.144,0.039,0.005
73,1,Hatchback,Black,,,0.056,0.153,0.039,0.005
74,1,Hatchback,Black,,,0.056,0.13,0.037,0.005
75,1,Hatchback,Black,,,0.056,0.127,0.043,0.005
76,1,Hatchback,Black,,,0.056,0.137,0.037,0.004
77,1,Hatchback,Black,,,0.056,0.118,0.037,0.003
78,1,Hatchback,Black,,,0.056,0.132,0.039,0.003
79,1,Hatchback,Black,,,0.056,0.163,0.043,0.002
80,1,Hatchback,Black,,,0.056,0.169,0.043,0.002
81,0,,,,,0.056,0.126,,
82,0,,,,,0.056,0.11,,
83,0,,,,,0.056,0.109,,
84,0,,,,,0.056,0.145,,
85,0,,,,,0.056,0.2,,
86,0,,,,,0.056,0.147,,
87,0,,,,,0.056,0.129,,
88,0,,,,,0.056,0.125,,
89,1,Hatchback,Silver,,,0.056,0.133,0.037,0.004
90,1,Hatchback,Silver,,,0.056,0.136,0.037,0.005
91,1,Hatchback,Silver,,,0.056,0.127,0.035,0.004
92,1,Hatchback,Silver,,,0.056,0.136,0.037,0.006
93,1,Hatchback,Silver,,,0.056,0.138,0.036,0.006
94,1,Hatchback,Silver,,,0.056,0.135,0.04,0.007
95,1,Hatchback,Silver,,,0.056,0.162,0.037,0.005
96,1,Hatchback,Silver,,,0.056,0.131,0.038,0.007
97,1,Hatchback,Silver,,,0.056,0.135,0.037,0.005
98,2,Hatchback,Silver,Hatchback,Silver,0.056,0.136,0.074,0.013
99,1,Hatchback,Silver,,,0.056,0.163,0.038,0.005
100,1,Hatchback,Silver,,,0.056,0.13,0.039,0.005
101,1,Hatchback,Silver,,,0.056,0.107,0.04,0.004
102,1,Hatchback,Silver,,,0.056,0.114,0.043,0.005
103,1,Hatchback,Silver,,,0.056,0.133,0.038,0.005
104,1,Sedan,Silver,,,0.056,0.129,0.041,0.005
105,1,Hatchback,Silver,,,0.056,0.131,0.041,0.006
106,1,Hatchback,Silver,,,0.056,0.131,0.037,0.005
107,1,Hatchback,Silver,,,0.056,0.134,0.037,0.006
108,1,Hatchback,Silver,,,0.056,0.131,0.038,0.004
109,1,Hatchback,Silver,,,0.056,0.132,0.036,0.005
110,1,Hatchback,Silver,,,0.056,0.138,0.037,0.003
111,1,Hatchback,Silver,,,0.056,0.127,0.038,0.004
112,1,Hatchback,Silver,,,0.056,0.135,0.036,0.003
113,1,Hatchback,Silver,,,0.056,0.129,0.034,0.002
114,0,,,,,0.056,0.125,,
115,0,,,,,0.056,0.126,,
116,0,,,,,0.056,0.124,,
117,0,,,,,0.056,0.12,,
118,0,,,,,0.056,0.104,,
119,0,,,,,0.056,0.106,,
120,0,,,,,0.056,0.124,,
121,0,,,,,0.056,0.124,,
122,0,,,,,0.056,0.125,,
123,0,,,,,0.056,0.125,,
124,0,,,,,0.056,0.131,,
125,0,,,,,0.056,0.123,,
126,0,,,,,0.056,0.124,,
127,0,,,,,0.056,0.101,,
128,0,,,,,0.056,0.103,,
129,0,,,,,0.056,0.127,,
130,1,Hatchback,Silver,,,0.056,0.13,0.036,0.008
131,1,Hatchback,Silver,,,0.056,0.128,0.035,0.007
132,0,,,,,0.056,0.108,,
133,0,,,,,0.056,0.129,,
134,0,,,,,0.056,0.134,,
135,0,,,,,0.056,0.16,,
136,0,,,,,0.056,0.142,,
137,1,Hatchback,Silver,,,0.056,0.134,0.036,0.003
138,1,Hatchback,Silver,,,0.056,0.133,0.039,0.003
139,1,Hatchback,Black,,,0.056,0.133,0.038,0.004
140,1,Hatchback,Black,,,0.056,0.13,0.037,0.004
141,1,Hatchback,Black,,,0.056,0.132,0.039,0.005
142,2,Sedan,Black,Sedan,Black,0.056,0.139,0.074,0.011
143,2,Hatchback,Black,Hatchback,Black,0.056,0.11,0.074,0.011
144,2,Hatchback,Black,Hatchback,Black,0.056,0.155,0.078,0.01
145,1,Hatchback,Black,,,0.056,0.132,0.039,0.005
146,2,Hatchback,Black,Hatchback,Black,0.056,0.14,0.077,0.009
147,2,Hatchback,Black,Hatchback,Black,0.056,0.133,0.072,0.012
148,1,Hatchback,Black,,,0.056,0.129,0.037,0.005
149,1,Hatchback,Black,,,0.056,0.13,0.037,0.006
150,1,Hatchback,Black,,,0.056,0.135,0.035,0.004
151,1,Sedan,Black,,,0.056,0.127,0.036,0.004
152,1,Sedan,Black,,,0.056,0.132,0.037,0.005
153,1,Hatchback,Black,,,0.056,0.133,0.037,0.005
154,1,Sedan,Black,,,0.056,0.135,0.042,0.004
155,1,Hatchback,Black,,,0.056,0.129,0.039,0.005
156,1,Hatchback,Black,,,0.056,0.127,0.038,0.005
157,1,Sedan,Black,,,0.056,0.128,0.037,0.004
158,1,Hatchback,Black,,,0.056,0.13,0.037,0.003
159,1,Hatchback,Black,,,0.056,0.128,0.036,0.003
160,1,Hatchback,Black,,,0.056,0.129,0.037,0.003
161,1,Hatchback,Black,,,0.056,0.133,0.038,0.003
162,1,Hatchback,Black,,,0.056,0.134,0.036,0.003
163,0,,,,,0.056,0.125,,
164,0,,,,,0.056,0.124,,
165,0,,,,,0.056,0.122,,
166,0,,,,,0.056,0.122,,
167,0,,,,,0.056,0.127,,
168,0,,,,,0.056,0.102,,
169,0,,,,,0.056,0.1,,
170,0,,,,,0.056,0.105,,
171,0,,,,,0.056,0.101,,
172,0,,,,,0.056,0.104,,
173,0,,,,,0.056,0.103,,
174,0,,,,,0.056,0.104,,
175,0,,,,,0.056,0.101,,
176,0,,,,,0.056,0.104,,
177,0,,,,,0.056,0.104,,
178,0,,,,,0.056,0.101,,
179,0,,,,,0.056,0.106,,
180,0,,,,,0.056,0.105,,
181,0,,,,,0.056,0.103,,
182,0,,,,,0.056,0.104,,
183,0,,,,,0.056,0.105,,
184,0,,,,,0.056,0.108,,
185,0,,,,,0.056,0.101,,
186,0,,,,,0.056,0.102,,
187,0,,,,,0.056,0.102,,
188,0,,,,,0.056,0.104,,
189,0,,,,,0.056,0.101,,
190,0,,,,,0.056,0.102,,
191,0,,,,,0.056,0.102,,
192,0,,,,,0.056,0.103,,
193,0,,,,,0.056,0.105,,
194,0,,,,,0.056,0.1,,
195,0,,,,,0.056,0.126,,
196,0,,,,,0.056,0.126,,
197,0,,,,,0.056,0.123,,
198,0,,,,,0.056,0.124,,
199,0,,,,,0.056,0.123,,
200,0,,,,,0.056,0.122,,
201,0,,,,,0.056,0.127,,
202,0,,,,,0.056,0.125,,
203,0,,,,,0.056,0.123,,
204,0,,,,,0.056,0.124,,
205,0,,,,,0.056,0.125,,
206,0,,,,,0.056,0.121,,
207,0,,,,,0.056,0.128,,
208,0,,,,,0.056,0.124,,
209,0,,,,,0.056,0.123,,
210,0,,,,,0.056,0.124,,
211,0,,,,,0.056,0.124,,
212,0,,,,,0.056,0.126,,
213,0,,,,,0.056,0.122,,
214,0,,,,,0.056,0.128,,
215,0,,,,,0.056,0.125,,
216,0,,,,,0.056,0.123,,
217,0,,,,,0.056,0.128,,
218,0,,,,,0.056,0.126,,
219,0,,,,,0.056,0.123,,
220,0,,,,,0.056,0.124,,
221,0,,,,,0.056,0.126,,
222,0,,,,,0.056,0.126,,
223,0,,,,,0.056,0.124,,
224,0,,,,,0.056,0.127,,
225,0,,,,,0.056,0.123,,
226,0,,,,,0.056,0.123,,
227,0,,,,,0.056,0.185,,
228,0,,,,,0.056,0.166,,
229,0,,,,,0.056,0.148,,
230,0,,,,,0.056,0.194,,
231,0,,,,,0.056,0.177,,
232,0,,,,,0.056,0.158,,
233,0,,,,,0.056,0.157,,
234,0,,,,,0.056,0.163,,
235,0,,,,,0.056,0.145,,
236,0,,,,,0.056,0.126,,
237,0,,,,,0.056,0.125,,
238,0,,,,,0.056,0.123,,
239,0,,,,,0.056,0.126,,
240,0,,,,,0.056,0.132,,
241,0,,,,,0.056,0.127,,
242,0,,,,,0.056,0.124,,
243,0,,,,,0.056,0.125,,
244,0,,,,,0.056,0.123,,
245,0,,,,,0.056,0.123,,
246,0,,,,,0.056,0.124,,
247,0,,,,,0.056,0.124,,
248,0,,,,,0.056,0.127,,
249,0,,,,,0.056,0.123,,
250,0,,,,,0.056,0.127,,
251,0,,,,,0.056,0.126,,
252,0,,,,,0.056,0.125,,
253,0,,,,,0.056,0.124,,
254,0,,,,,0.056,0.126,,
255,0,,,,,0.056,0.125,,
256,0,,,,,0.056,0.128,,
257,0,,,,,0.056,0.127,,
258,0,,,,,0.056,0.126,,
259,0,,,,,0.056,0.125,,
260,0,,,,,0.056,0.125,,
261,0,,,,,0.056,0.124,,
262,0,,,,,0.056,0.127,,
263,0,,,,,0.056,0.123,,
264,0,,,,,0.056,0.127,,
265,0,,,,,0.056,0.125,,
266,0,,,,,0.056,0.126,,
267,0,,,,,0.056,0.126,,
268,0,,,,,0.056,0.123,,
269,0,,,,,0.056,0.122,,
270,0,,,,,0.056,0.122,,
271,0,,,,,0.056,0.123,,
272,0,,,,,0.056,0.127,,
273,0,,,,,0.056,0.123,,
274,0,,,,,0.056,0.124,,
275,0,,,,,0.056,0.125,,
276,0,,,,,0.056,0.124,,
277,0,,,,,0.056,0.129,,
278,0,,,,,0.056,0.123,,
279,0,,,,,0.056,0.125,,
280,0,,,,,0.056,0.124,,
281,0,,,,,0.056,0.124,,
282,0,,,,,0.056,0.124,,
283,0,,,,,0.056,0.122,,
284,0,,,,,0.056,0.125,,
285,0,,,,,0.056,0.126,,
286,0,,,,,0.056,0.122,,
287,0,,,,,0.056,0.128,,
288,0,,,,,0.056,0.122,,
289,0,,,,,0.056,0.124,,
290,0,,,,,0.056,0.123,,
291,0,,,,,0.056,0.134,,
292,0,,,,,0.056,0.125,,
293,0,,,,,0.056,0.126,,
294,0,,,,,0.056,0.128,,
295,0,,,,,0.056,0.123,,
296,0,,,,,0.056,0.125,,
297,0,,,,,0.056,0.124,,
298,0,,,,,0.056,0.127,,
299,0,,,,,0.056,0.125,,
300,0,,,,,0.056,0.123,,
301,0,,,,,0.056,0.124,,
302,0,,,,,0.056,0.126,,
303,0,,,,,0.056,0.122,,
304,0,,,,,0.056,0.126,,
305,0,,,,,0.056,0.128,,
306,0,,,,,0.056,0.125,,
307,0,,,,,0.056,0.124,,
308,0,,,,,0.056,0.125,,
309,0,,,,,0.056,0.125,,
310,0,,,,,0.056,0.123,,
311,0,,,,,0.056,0.125,,
312,0,,,,,0.056,0.13,,
313,0,,,,,0.056,0.123,,
314,0,,,,,0.056,0.125,,
315,0,,,,,0.056,0.135,,
316,0,,,,,0.056,0.137,,
317,0,,,,,0.056,0.124,,
318,0,,,,,0.056,0.122,,
319,0,,,,,0.056,0.124,,
320,0,,,,,0.056,0.125,,
321,0,,,,,0.056,0.126,,
322,0,,,,,0.056,0.125,,
323,0,,,,,0.056,0.125,,
324,0,,,,,0.056,0.122,,
325,0,,,,,0.056,0.125,,
326,0,,,,,0.056,0.121,,
327,0,,,,,0.056,0.131,,
328,0,,,,,0.056,0.126,,
329,0,,,,,0.056,0.122,,
330,0,,,,,0.056,0.125,,
331,0,,,,,0.056,0.124,,
332,0,,,,,0.056,0.124,,
333,0,,,,,0.056,0.123,,
334,0,,,,,0.056,0.129,,
335,0,,,,,0.056,0.122,,
336,0,,,,,0.056,0.127,,
337,0,,,,,0.056,0.126,,
338,0,,,,,0.056,0.109,,
339,0,,,,,0.056,0.102,,
340,0,,,,,0.056,0.117,,
341,0,,,,,0.056,0.124,,
342,0,,,,,0.056,0.132,,
343,0,,,,,0.056,0.118,,
344,0,,,,,0.056,0.162,,
345,0,,,,,0.056,0.153,,
346,0,,,,,0.056,0.119,,
347,0,,,,,0.056,0.112,,
348,0,,,,,0.056,0.116,,
349,0,,,,,0.056,0.2,,
350,0,,,,,0.056,0.153,,
351,0,,,,,0.056,0.139,,
352,0,,,,,0.056,0.143,,
353,0,,,,,0.056,0.145,,
354,0,,,,,0.056,0.172,,
355,0,,,,,0.056,0.18,,
356,0,,,,,0.056,0.193,,
357,0,,,,,0.056,0.225,,
358,0,,,,,0.056,0.195,,
359,0,,,,,0.056,0.184,,
360,0,,,,,0.056,0.185,,
361,0,,,,,0.056,0.159,,
362,0,,,,,0.056,0.149,,
363,0,,,,,0.056,0.143,,
364,0,,,,,0.056,0.144,,
365,0,,,,,0.056,0.148,,
366,0,,,,,0.056,0.141,,
367,0,,,,,0.056,0.155,,
368,0,,,,,0.056,0.146,,
369,0,,,,,0.056,0.136,,
370,0,,,,,0.056,0.126,,
371,0,,,,,0.056,0.129,,
372,0,,,,,0.056,0.128,,
373,0,,,,,0.056,0.128,,
374,0,,,,,0.056,0.125,,
375,0,,,,,0.056,0.125,,
376,0,,,,,0.056,0.122,,
377,0,,,,,0.056,0.127,,
378,0,,,,,0.056,0.123,,
379,0,,,,,0.056,0.133,,
380,0,,,,,0.056,0.129,,
381,0,,,,,0.056,0.125,,
382,0,,,,,0.056,0.123,,
383,0,,,,,0.056,0.123,,
384,0,,,,,0.056,0.127,,
385,0,,,,,0.056,0.122,,
386,0,,,,,0.056,0.13,,
387,0,,,,,0.056,0.122,,
388,0,,,,,0.056,0.127,,
389,0,,,,,0.056,0.125,,
390,0,,,,,0.056,0.125,,
391,0,,,,,0.056,0.123,,
392,0,,,,,0.056,0.131,,
393,0,,,,,0.056,0.136,,
394,0,,,,,0.056,0.142,,
395,0,,,,,0.056,0.136,,
396,0,,,,,0.056,0.126,,
397,0,,,,,0.056,0.125,,
398,0,,,,,0.056,0.123,,
399,0,,,,,0.056,0.124,,
400,0,,,,,0.056,0.122,,
401,0,,,,,0.056,0.123,,
402,0,,,,,0.056,0.128,,
403,1,Hatchback,Silver,,,0.056,0.129,0.038,0.003
404,1,Hatchback,Silver,,,0.056,0.127,0.041,0.003
405,1,Hatchback,Silver,,,0.056,0.128,0.041,0.005
406,1,Hatchback,Silver,,,0.056,0.133,0.039,0.005
407,1,Hatchback,Silver,,,0.056,0.137,0.041,0.006
408,1,Hatchback,Silver,,,0.056,0.135,0.039,0.006
409,1,Hatchback,Silver,,,0.056,0.128,0.04,0.006
410,1,Hatchback,Silver,,,0.056,0.11,0.04,0.007
411,0,,,,,0.056,0.103,,
412,0,,,,,0.056,0.101,,
413,0,,,,,0.056,0.102,,
414,0,,,,,0.056,0.103,,
415,0,,,,,0.056,0.105,,
416,0,,,,,0.056,0.104,,
417,0,,,,,0.056,0.102,,
418,0,,,,,0.056,0.103,,
419,0,,,,,0.056,0.102,,
420,0,,,,,0.056,0.102,,
421,0,,,,,0.056,0.104,,
422,0,,,,,0.056,0.107,,
423,0,,,,,0.056,0.131,,
424,0,,,,,0.056,0.124,,
425,0,,,,,0.056,0.123,,
426,0,,,,,0.056,0.133,,
427,0,,,,,0.056,0.125,,
428,0,,,,,0.056,0.126,,
429,0,,,,,0.056,0.122,,
430,0,,,,,0.056,0.126,,
431,1,Hatchback,Silver,,,0.056,0.131,0.042,0.005
432,0,,,,,0.056,0.124,,
433,0,,,,,0.056,0.126,,
434,0,,,,,0.056,0.122,,
435,0,,,,,0.056,0.126,,
436,0,,,,,0.056,0.187,,
437,0,,,,,0.056,0.168,,
438,0,,,,,0.056,0.127,,
439,0,,,,,0.056,0.127,,
440,0,,,,,0.056,0.147,,
441,0,,,,,0.056,0.144,,
442,0,,,,,0.056,0.128,,
443,0,,,,,0.056,0.127,,
444,0,,,,,0.056,0.126,,
445,0,,,,,0.056,0.128,,
446,0,,,,,0.056,0.133,,
447,0,,,,,0.056,0.126,,
448,0,,,,,0.056,0.123,,
449,0,,,,,0.056,0.123,,
450,0,,,,,0.056,0.128,,
451,0,,,,,0.056,0.125,,
452,0,,,,,0.056,0.123,,
453,0,,,,,0.056,0.128,,
454,0,,,,,0.056,0.125,,
455,0,,,,,0.056,0.125,,
456,0,,,,,0.056,0.123,,
457,0,,,,,0.056,0.126,,
458,0,,,,,0.056,0.124,,
459,0,,,,,0.056,0.127,,
460,0,,,,,0.056,0.124,,
461,0,,,,,0.056,0.126,,
462,0,,,,,0.056,0.126,,
463,0,,,,,0.056,0.121,,
464,0,,,,,0.056,0.125,,
465,0,,,,,0.056,0.128,,
466,0,,,,,0.056,0.143,,
467,0,,,,,0.056,0.154,,
468,0,,,,,0.056,0.138,,
469,0,,,,,0.056,0.14,,
470,0,,,,,0.056,0.146,,
471,0,,,,,0.056,0.149,,
472,0,,,,,0.056,0.152,,
473,0,,,,,0.056,0.15,,
474,0,,,,,0.056,0.143,,
475,0,,,,,0.056,0.148,,
476,0,,,,,0.056,0.156,,
477,0,,,,,0.056,0.15,,
478,0,,,,,0.056,0.134,,
479,0,,,,,0.056,0.129,,
480,0,,,,,0.056,0.13,,
481,0,,,,,0.056,0.136,,
482,0,,,,,0.056,0.126,,
483,0,,,,,0.056,0.122,,
484,0,,,,,0.056,0.125,,
485,0,,,,,0.056,0.129,,
486,0,,,,,0.056,0.126,,
487,0,,,,,0.056,0.138,,
488,0,,,,,0.056,0.124,,
489,0,,,,,0.056,0.122,,
490,0,,,,,0.056,0.123,,
491,0,,,,,0.056,0.122,,
492,0,,,,,0.056,0.128,,
493,0,,,,,0.056,0.126,,
494,0,,,,,0.056,0.124,,
495,0,,,,,0.056,0.128,,
496,1,Hatchback,Silver,,,0.056,0.133,0.038,0.003
497,1,Hatchback,Silver,,,0.056,0.13,0.037,0.004
498,1,Hatchback,Silver,,,0.056,0.13,0.037,0.005
499,1,Hatchback,Silver,,,0.056,0.127,0.036,0.009
500,1,Hatchback,Silver,,,0.056,0.131,0.036,0.01
501,1,Hatchback,Silver,,,0.056,0.133,0.036,0.008
502,1,Hatchback,Silver,,,0.056,0.13,0.038,0.008
503,1,Hatchback,Silver,,,0.056,0.134,0.036,0.013
504,2,Hatchback,Silver,Hatchback,Silver,0.056,0.136,0.074,0.018
505,1,Hatchback,Silver,,,0.056,0.129,0.036,0.009
506,2,Hatchback,Silver,Hatchback,Silver,0.056,0.14,0.077,0.015
507,1,Sedan,Silver,,,0.056,0.131,0.038,0.009
508,1,Hatchback,Silver,,,0.056,0.126,0.036,0.008
509,1,Hatchback,Silver,,,0.056,0.131,0.037,0.009
510,1,Hatchback,Silver,,,0.056,0.131,0.037,0.009
511,1,Sedan,Silver,,,0.056,0.135,0.037,0.007
512,1,Sedan,Silver,,,0.056,0.13,0.036,0.006
513,1,Hatchback,Silver,,,0.056,0.126,0.037,0.007
514,1,Hatchback,Silver,,,0.056,0.127,0.037,0.013
515,1,Sedan,Silver,,,0.056,0.132,0.037,0.007
516,1,Hatchback,Silver,,,0.056,0.127,0.036,0.007
517,1,Hatchback,Silver,,,0.056,0.134,0.039,0.007
518,1,Hatchback,Silver,,,0.056,0.125,0.039,0.005
519,1,Hatchback,Silver,,,0.056,0.137,0.038,0.005
520,1,Hatchback,Silver,,,0.056,0.124,0.037,0.005
521,1,Hatchback,Silver,,,0.056,0.127,0.037,0.003
522,1,Hatchback,Silver,,,0.056,0.149,0.038,0.004
523,0,,,,,0.056,0.122,,
524,0,,,,,0.056,0.128,,
525,0,,,,,0.056,0.125,,
526,0,,,,,0.056,0.129,,
527,0,,,,,0.056,0.127,,
528,0,,,,,0.056,0.125,,
529,0,,,,,0.056,0.125,,
530,0,,,,,0.056,0.128,,
531,0,,,,,0.056,0.126,,
532,0,,,,,0.056,0.124,,
533,0,,,,,0.056,0.125,,
534,0,,,,,0.056,0.13,,
535,0,,,,,0.056,0.125,,
536,0,,,,,0.056,0.124,,
537,0,,,,,0.056,0.126,,
538,0,,,,,0.056,0.127,,
539,0,,,,,0.056,0.127,,
540,0,,,,,0.056,0.125,,
541,0,,,,,0.056,0.129,,
542,0,,,,,0.056,0.126,,
543,0,,,,,0.056,0.124,,
544,0,,,,,0.056,0.127,,
545,0,,,,,0.056,0.128,,
546,0,,,,,0.056,0.125,,
547,0,,,,,0.056,0.126,,
548,0,,,,,0.056,0.124,,
549,0,,,,,0.056,0.129,,
550,0,,,,,0.056,0.125,,
551,0,,,,,0.056,0.124,,
552,0,,,,,0.056,0.123,,
553,0,,,,,0.056,0.124,,
554,0,,,,,0.056,0.122,,
555,0,,,,,0.056,0.124,,
556,0,,,,,0.056,0.126,,
557,0,,,,,0.056,0.125,,
558,0,,,,,0.056,0.125,,
559,0,,,,,0.056,0.127,,
560,0,,,,,0.056,0.123,,
561,0,,,,,0.056,0.126,,
562,0,,,,,0.056,0.122,,
563,0,,,,,0.056,0.125,,
564,0,,,,,0.056,0.127,,
565,0,,,,,0.056,0.126,,
566,0,,,,,0.056,0.125,,
567,0,,,,,0.056,0.123,,
568,0,,,,,0.056,0.124,,
569,0,,,,,0.056,0.123,,
570,0,,,,,0.056,0.124,,
571,0,,,,,0.056,0.124,,
572,0,,,,,0.056,0.124,,
573,0,,,,,0.056,0.127,,
574,0,,,,,0.056,0.127,,
575,1,Hatchback,Silver,,,0.056,0.13,0.038,0.003
576,1,Hatchback,Silver,,,0.056,0.129,0.038,0.003
577,1,Hatchback,Silver,,,0.056,0.124,0.037,0.003
578,1,Hatchback,Silver,,,0.056,0.135,0.037,0.004
579,0,,,,,0.056,0.125,,
580,0,,,,,0.056,0.127,,
581,1,Hatchback,Silver,,,0.056,0.128,0.036,0.007
582,1,Hatchback,Silver,,,0.056,0.129,0.037,0.005
583,1,Hatchback,Silver,,,0.056,0.131,0.038,0.005
584,0,,,,,0.056,0.128,,
585,1,Hatchback,Silver,,,0.056,0.129,0.039,0.004
586,1,Hatchback,Silver,,,0.056,0.132,0.038,0.005
587,1,Hatchback,Silver,,,0.056,0.134,0.041,0.008
588,1,Hatchback,Silver,,,0.056,0.128,0.042,0.007
589,1,Hatchback,Silver,,,0.056,0.133,0.038,0.009
590,1,Hatchback,Silver,,,0.056,0.13,0.039,0.004
591,1,Hatchback,Silver,,,0.056,0.134,0.04,0.008
592,1,Hatchback,Silver,,,0.056,0.132,0.037,0.005
593,1,Hatchback,Silver,,,0.056,0.134,0.039,0.009
594,1,Hatchback,Silver,,,0.056,0.132,0.039,0.006
595,1,Hatchback,Silver,,,0.056,0.13,0.042,0.01
596,1,Hatchback,Silver,,,0.056,0.124,0.04,0.005
597,1,Hatchback,Silver,,,0.056,0.125,0.044,0.005
598,1,Hatchback,Silver,,,0.056,0.127,0.041,0.004
599,1,Hatchback,Silver,,,0.056,0.136,0.037,0.004
600,1,Hatchback,Silver,,,0.056,0.132,0.037,0.004
601,1,Hatchback,Silver,,,0.056,0.13,0.036,0.002
602,0,,,,,0.056,0.123,,
603,0,,,,,0.056,0.124,,
604,0,,,,,0.056,0.123,,
605,0,,,,,0.056,0.128,,
606,0,,,,,0.056,0.124,,
607,0,,,,,0.056,0.124,,
608,0,,,,,0.056,0.127,,
609,0,,,,,0.056,0.126,,
610,0,,,,,0.056,0.124,,
611,0,,,,,0.056,0.125,,
612,0,,,,,0.056,0.129,,
613,0,,,,,0.056,0.125,,
614,0,,,,,0.056,0.123,,
615,0,,,,,0.056,0.128,,
616,0,,,,,0.056,0.124,,
617,0,,,,,0.056,0.125,,
618,0,,,,,0.056,0.129,,
619,0,,,,,0.056,0.127,,
620,0,,,,,0.056,0.131,,
621,0,,,,,0.056,0.128,,
622,0,,,,,0.056,0.13,,
623,0,,,,,0.056,0.136,,
624,0,,,,,0.056,0.139,,
625,0,,,,,0.056,0.158,,
626,0,,,,,0.056,0.155,,
627,0,,,,,0.056,0.137,,
628,0,,,,,0.056,0.146,,
629,0,,,,,0.056,0.163,,
630,0,,,,,0.056,0.154,,
631,0,,,,,0.056,0.154,,
632,0,,,,,0.056,0.15,,
633,0,,,,,0.056,0.149,,
634,0,,,,,0.056,0.127,,
635,0,,,,,0.056,0.126,,
636,0,,,,,0.056,0.124,,
637,0,,,,,0.056,0.123,,
638,0,,,,,0.056,0.132,,
639,0,,,,,0.056,0.133,,
640,0,,,,,0.056,0.129,,
641,0,,,,,0.056,0.13,,
642,0,,,,,0.056,0.122,,
643,0,,,,,0.056,0.161,,
644,0,,,,,0.056,0.187,,
645,0,,,,,0.056,0.154,,
646,0,,,,,0.056,0.156,,
647,0,,,,,0.056,0.159,,
648,0,,,,,0.056,0.207,,
649,0,,,,,0.056,0.161,,
650,0,,,,,0.056,0.173,,
651,1,Hatchback,Black,,,0.056,0.154,0.039,0.003
652,1,Hatchback,Black,,,0.056,0.131,0.039,0.003
653,1,Hatchback,Black,,,0.056,0.131,0.038,0.004
654,1,Hatchback,Black,,,0.056,0.127,0.037,0.004
655,1,Hatchback,Black,,,0.056,0.131,0.037,0.008
656,1,Hatchback,Black,,,0.056,0.127,0.036,0.01
657,1,Hatchback,Black,,,0.056,0.13,0.037,0.009
658,1,Hatchback,Black,,,0.056,0.142,0.037,0.006
659,2,Hatchback,Black,Hatchback,Black,0.056,0.137,0.075,0.017
660,1,Hatchback,Black,,,0.056,0.151,0.036,0.006
661,1,Hatchback,Black,,,0.056,0.147,0.041,0.006
662,1,Hatchback,Black,,,0.056,0.143,0.039,0.007
663,1,Hatchback,Black,,,0.056,0.134,0.038,0.007
664,1,Hatchback,Black,,,0.056,0.131,0.037,0.012
665,1,Hatchback,Black,,,0.056,0.14,0.038,0.007
666,1,Hatchback,Black,,,0.056,0.139,0.038,0.006
667,1,Hatchback,Black,,,0.056,0.139,0.037,0.007
668,1,Hatchback,Black,,,0.056,0.133,0.036,0.007
669,1,Hatchback,Black,,,0.056,0.117,0.035,0.007
670,1,Hatchback,Black,,,0.056,0.106,0.037,0.006
671,1,Hatchback,Black,,,0.056,0.11,0.04,0.007
672,1,Sedan,Black,,,0.056,0.107,0.036,0.007
673,1,Sedan,Black,,,0.056,0.122,0.038,0.006
674,1,Hatchback,Black,,,0.056,0.109,0.038,0.006
675,1,Hatchback,Black,,,0.056,0.107,0.04,0.004
676,1,Hatchback,Black,,,0.056,0.109,0.038,0.004
677,1,Hatchback,Black,,,0.056,0.115,0.037,0.004
678,1,Hatchback,Black,,,0.056,0.11,0.037,0.004
679,1,Hatchback,Black,,,0.056,0.122,0.037,0.002
680,0,,,,,0.056,0.11,,
681,0,,,,,0.056,0.125,,
682,0,,,,,0.056,0.125,,
683,0,,,,,0.056,0.125,,
684,0,,,,,0.056,0.126,,
685,0,,,,,0.056,0.127,,
686,0,,,,,0.056,0.129,,
687,0,,,,,0.056,0.122,,
688,0,,,,,0.056,0.129,,
689,0,,,,,0.056,0.13,,
690,0,,,,,0.056,0.128,,
691,0,,,,,0.056,0.133,,
692,0,,,,,0.056,0.125,,
693,0,,,,,0.056,0.14,,
694,0,,,,,0.056,0.136,,
695,0,,,,,0.056,0.13,,
696,0,,,,,0.056,0.136,,
697,0,,,,,0.056,0.132,,
698,0,,,,,0.056,0.13,,
699,0,,,,,0.056,0.133,,
700,0,,,,,0.056,0.124,,
701,0,,,,,0.056,0.127,,
702,0,,,,,0.056,0.149,,
703,0,,,,,0.056,0.146,,
704,0,,,,,0.056,0.173,,
705,0,,,,,0.056,0.167,,
706,0,,,,,0.056,0.179,,
707,0,,,,,0.056,0.155,,
708,0,,,,,0.056,0.178,,
709,0,,,,,0.056,0.144,,
710,0,,,,,0.056,0.126,,
711,0,,,,,0.056,0.129,,
712,0,,,,,0.056,0.132,,
713,0,,,,,0.056,0.125,,
714,0,,,,,0.056,0.127,,
715,0,,,,,0.056,0.136,,
716,0,,,,,0.056,0.126,,
717,0,,,,,0.056,0.124,,
718,0,,,,,0.056,0.129,,
719,0,,,,,0.056,0.127,,
720,0,,,,,0.056,0.126,,
721,0,,,,,0.056,0.129,,
722,0,,,,,0.056,0.132,,
723,0,,,,,0.056,0.135,,
724,0,,,,,0.056,0.132,,
725,0,,,,,0.056,0.132,,
726,0,,,,,0.056,0.133,,
727,0,,,,,0.056,0.13,,
728,0,,,,,0.056,0.153,,
729,0,,,,,0.056,0.155,,
730,0,,,,,0.056,0.135,,
731,0,,,,,0.056,0.134,,
732,0,,,,,0.056,0.128,,
733,0,,,,,0.056,0.13,,
734,0,,,,,0.056,0.129,,
735,0,,,,,0.056,0.126,,
736,0,,,,,0.056,0.134,,
737,0,,,,,0.056,0.152,,
738,0,,,,,0.056,0.145,,
739,0,,,,,0.056,0.134,,
740,0,,,,,0.056,0.124,,
741,0,,,,,0.056,0.132,,
742,0,,,,,0.056,0.129,,
743,0,,,,,0.056,0.124,,
744,0,,,,,0.056,0.127,,
745,0,,,,,0.056,0.129,,
746,0,,,,,0.056,0.125,,
747,0,,,,,0.056,0.125,,
748,0,,,,,0.056,0.127,,
749,0,,,,,0.056,0.129,,
750,0,,,,,0.056,0.125,,
751,0,,,,,0.056,0.128,,
752,0,,,,,0.056,0.139,,
753,0,,,,,0.056,0.141,,
754,0,,,,,0.056,0.149,,
755,0,,,,,0.056,0.142,,
756,0,,,,,0.056,0.125,,
757,0,,,,,0.056,0.126,,
758,0,,,,,0.056,0.129,,
759,0,,,,,0.056,0.125,,
760,0,,,,,0.056,0.127,,
761,0,,,,,0.056,0.126,,
762,0,,,,,0.056,0.14,,
763,0,,,,,0.056,0.124,,
764,0,,,,,0.056,0.125,,
765,0,,,,,0.056,0.114,,
766,0,,,,,0.056,0.106,,
767,0,,,,,0.056,0.106,,
768,0,,,,,0.056,0.102,,
769,0,,,,,0.056,0.104,,
770,0,,,,,0.056,0.108,,
771,0,,,,,0.056,0.12,,
772,0,,,,,0.056,0.131,,
773,0,,,,,0.056,0.117,,
774,0,,,,,0.056,0.109,,
775,0,,,,,0.056,0.103,,
776,0,,,,,0.056,0.108,,
777,0,,,,,0.056,0.103,,
778,0,,,,,0.056,0.112,,
779,0,,,,,0.056,0.137,,
780,0,,,,,0.056,0.127,,
781,0,,,,,0.056,0.128,,
782,0,,,,,0.056,0.126,,
783,0,,,,,0.056,0.126,,
784,0,,,,,0.056,0.123,,
785,0,,,,,0.056,0.125,,
786,0,,,,,0.056,0.126,,
787,0,,,,,0.056,0.125,,
788,0,,,,,0.056,0.131,,
789,0,,,,,0.056,0.129,,
790,0,,,,,0.056,0.143,,
791,0,,,,,0.056,0.146,,
792,0,,,,,0.056,0.128,,
793,0,,,,,0.056,0.125,,
794,0,,,,,0.056,0.13,,
795,0,,,,,0.056,0.129,,
796,0,,,,,0.056,0.148,,
797,0,,,,,0.056,0.142,,
798,0,,,,,0.056,0.15,,
799,0,,,,,0.056,0.137,,
800,0,,,,,0.056,0.172,,
801,1,Hatchback,Silver,,,0.056,0.163,0.043,0.002
802,1,Hatchback,Silver,,,0.056,0.15,0.044,0.003
803,1,Hatchback,Silver,,,0.056,0.146,0.045,0.003
804,1,Hatchback,Silver,,,0.056,0.134,0.043,0.004
805,1,Hatchback,Silver,,,0.056,0.13,0.046,0.005
806,1,Hatchback,Silver,,,0.056,0.129,0.046,0.006
807,2,Sedan,Silver,Sedan,Silver,0.056,0.142,0.091,0.013
808,2,Hatchback,Silver,Hatchback,Silver,0.056,0.134,0.133,0.014
809,2,Hatchback,Silver,Hatchback,Silver,0.056,0.129,0.152,0.015
810,2,Sedan,Silver,Sedan,Silver,0.056,0.139,0.16,0.015
811,2,Hatchback,Silver,Hatchback,Silver,0.056,0.139,0.115,0.014
812,2,Hatchback,Silver,Hatchback,Silver,0.056,0.138,0.084,0.012
813,2,Hatchback,Silver,Hatchback,Silver,0.056,0.134,0.093,0.012
814,1,Hatchback,Silver,,,0.056,0.131,0.053,0.006
815,1,Hatchback,Silver,,,0.056,0.139,0.051,0.005
816,1,Hatchback,Silver,,,0.056,0.134,0.047,0.006
817,1,Hatchback,Silver,,,0.056,0.135,0.043,0.005
818,1,Hatchback,Silver,,,0.056,0.131,0.048,0.005
819,1,Hatchback,Silver,,,0.056,0.126,0.043,0.007
820,1,Sedan,Silver,,,0.056,0.109,0.043,0.005
821,1,Hatchback,Silver,,,0.056,0.12,0.036,0.006
822,1,Hatchback,Silver,,,0.056,0.106,0.037,0.005
823,1,Hatchback,Silver,,,0.056,0.107,0.036,0.005
824,1,Hatchback,Silver,,,0.056,0.118,0.039,0.004
825,1,Hatchback,Silver,,,0.056,0.114,0.038,0.003
826,0,,,,,0.056,0.108,,
827,0,,,,,0.056,0.102,,
828,0,,,,,0.056,0.101,,
829,0,,,,,0.056,0.104,,
830,0,,,,,0.056,0.104,,
831,0,,,,,0.056,0.123,,
832,0,,,,,0.056,0.124,,
833,0,,,,,0.056,0.131,,
834,0,,,,,0.056,0.127,,
835,0,,,,,0.056,0.125,,
836,0,,,,,0.056,0.124,,
837,0,,,,,0.056,0.147,,
838,0,,,,,0.056,0.14,,
839,0,,,,,0.056,0.138,,
840,0,,,,,0.056,0.166,,
841,0,,,,,0.056,0.161,,
842,1,Hatchback,Black,,,0.056,0.159,0.036,0.009
843,1,Hatchback,Black,,,0.056,0.16,0.038,0.011
844,1,Hatchback,Black,,,0.056,0.13,0.039,0.014
845,0,,,,,0.056,0.121,,
846,0,,,,,0.056,0.126,,
847,0,,,,,0.056,0.128,,
848,1,Hatchback,Black,,,0.056,0.138,0.042,0.01
849,0,,,,,0.056,0.177,,
850,0,,,,,0.056,0.169,,
851,0,,,,,0.056,0.173,,
852,1,Hatchback,Black,,,0.056,0.18,0.035,0.01
853,0,,,,,0.056,0.157,,
854,1,Hatchback,Black,,,0.056,0.145,0.037,0.011
855,1,Hatchback,Black,,,0.056,0.154,0.037,0.011
856,1,Hatchback,Silver,,,0.056,0.16,0.038,0.009
857,0,,,,,0.056,0.155,,
858,1,Hatchback,Black,,,0.056,0.127,0.038,0.004
859,1,Hatchback,Black,,,0.056,0.135,0.04,0.004
860,0,,,,,0.056,0.155,,
861,0,,,,,0.056,0.171,,
862,0,,,,,0.056,0.141,,
863,0,,,,,0.056,0.133,,
864,0,,,,,0.056,0.132,,
865,0,,,,,0.056,0.13,,
866,0,,,,,0.056,0.125,,
867,0,,,,,0.056,0.134,,
868,0,,,,,0.056,0.136,,
869,0,,,,,0.056,0.123,,
870,0,,,,,0.056,0.126,,
871,0,,,,,0.056,0.127,,
872,0,,,,,0.056,0.124,,
873,1,Hatchback,Silver,,,0.056,0.13,0.035,0.003
874,0,,,,,0.056,0.123,,
875,0,,,,,0.056,0.129,,
876,0,,,,,0.056,0.126,,
877,0,,,,,0.056,0.123,,
878,0,,,,,0.056,0.127,,
879,1,Hatchback,Silver,,,0.056,0.129,0.039,0.006
880,1,Hatchback,Silver,,,0.056,0.127,0.041,0.006
881,1,Hatchback,Silver,,,0.056,0.133,0.039,0.006
882,1,Hatchback,Silver,,,0.056,0.133,0.036,0.007
883,1,Hatchback,Silver,,,0.056,0.133,0.037,0.006
884,1,Hatchback,Silver,,,0.056,0.127,0.042,0.007
885,1,Hatchback,Silver,,,0.056,0.135,0.037,0.006
886,1,Hatchback,Silver,,,0.056,0.133,0.037,0.006
887,1,Hatchback,Silver,,,0.056,0.153,0.037,0.006
888,1,Hatchback,Silver,,,0.056,0.133,0.036,0.005
889,1,Hatchback,Silver,,,0.056,0.135,0.037,0.006
890,1,Hatchback,Silver,,,0.056,0.128,0.037,0.006
891,1,Hatchback,Silver,,,0.056,0.135,0.036,0.006
892,1,Hatchback,Silver,,,0.056,0.141,0.036,0.007
893,1,Hatchback,Silver,,,0.056,0.131,0.036,0.005
894,1,Hatchback,Silver,,,0.056,0.137,0.037,0.006
895,1,Hatchback,Silver,,,0.056,0.133,0.041,0.004
896,1,Hatchback,Silver,,,0.056,0.135,0.039,0.004
897,1,Hatchback,Silver,,,0.056,0.128,0.038,0.004
898,1,Hatchback,Silver,,,0.056,0.135,0.037,0.003
899,1,Hatchback,Silver,,,0.056,0.143,0.037,0.003
900,0,,,,,0.056,0.125,,
901,0,,,,,0.056,0.126,,
902,0,,,,,0.056,0.122,,
903,0,,,,,0.056,0.138,,
904,0,,,,,0.056,0.125,,
905,0,,,,,0.056,0.134,,
906,0,,,,,0.056,0.128,,
907,0,,,,,0.056,0.134,,
908,0,,,,,0.056,0.131,,
909,0,,,,,0.056,0.132,,
910,0,,,,,0.056,0.129,,
911,0,,,,,0.056,0.128,,
912,0,,,,,0.056,0.126,,
913,0,,,,,0.056,0.126,,
914,0,,,,,0.056,0.127,,
915,0,,,,,0.056,0.126,,
916,0,,,,,0.056,0.132,,
917,0,,,,,0.056,0.124,,
918,0,,,,,0.056,0.126,,
919,0,,,,,0.056,0.151,,
920,0,,,,,0.056,0.126,,
921,0,,,,,0.056,0.163,,
922,0,,,,,0.056,0.142,,
923,0,,,,,0.056,0.137,,
924,0,,,,,0.056,0.147,,
925,0,,,,,0.056,0.141,,
926,0,,,,,0.056,0.129,,
927,0,,,,,0.056,0.125,,
928,0,,,,,0.056,0.122,,
929,0,,,,,0.056,0.126,,
930,0,,,,,0.056,0.13,,
931,0,,,,,0.056,0.129,,
932,0,,,,,0.056,0.131,,
933,0,,,,,0.056,0.133,,
934,1,Hatchback,Silver,,,0.056,0.137,0.037,0.006
935,1,Hatchback,Silver,,,0.056,0.131,0.038,0.004
936,1,Hatchback,Silver,,,0.056,0.135,0.037,0.008
937,1,Sedan,Black,,,0.056,0.13,0.036,0.006
938,1,Sedan,Black,,,0.056,0.135,0.038,0.008
939,1,Hatchback,Silver,,,0.056,0.144,0.04,0.009
940,2,Hatchback,Black,Hatchback,Black,0.056,0.14,0.08,0.013
941,2,Hatchback,Black,Hatchback,Black,0.056,0.133,0.079,0.014
942,2,Hatchback,Black,Hatchback,Black,0.056,0.133,0.079,0.014
943,1,Hatchback,Black,,,0.056,0.135,0.039,0.007
944,1,Hatchback,Black,,,0.056,0.142,0.039,0.006
945,1,Hatchback,Black,,,0.056,0.138,0.038,0.007
946,1,Hatchback,Silver,,,0.056,0.137,0.039,0.006
947,1,Hatchback,Silver,,,0.056,0.141,0.041,0.007
948,1,Hatchback,Silver,,,0.056,0.136,0.037,0.011
949,1,Hatchback,Black,,,0.056,0.145,0.037,0.005
950,1,Hatchback,Silver,,,0.056,0.15,0.037,0.012
951,1,Hatchback,Black,,,0.056,0.148,0.039,0.008
952,1,Sedan,Black,,,0.056,0.148,0.036,0.007
953,1,Hatchback,Black,,,0.056,0.169,0.036,0.006
954,2,Sedan,Silver,Sedan,Silver,0.056,0.183,0.074,0.013
955,1,Hatchback,Black,,,0.056,0.191,0.037,0.005
956,1,Hatchback,Black,,,0.056,0.157,0.037,0.004
957,2,Hatchback,Black,Hatchback,Black,0.056,0.166,0.072,0.011
958,1,Hatchback,Silver,,,0.056,0.136,0.04,0.009
959,1,Hatchback,Silver,,,0.056,0.132,0.038,0.005
960,1,Sedan,Silver,,,0.056,0.125,0.036,0.009
961,1,Hatchback,Silver,,,0.056,0.132,0.039,0.005
962,1,Hatchback,Silver,,,0.056,0.136,0.037,0.005
963,1,Hatchback,Silver,,,0.056,0.131,0.036,0.004
964,0,,,,,0.056,0.127,,
965,0,,,,,0.056,0.13,,
966,0,,,,,0.056,0.126,,
967,0,,,,,0.056,0.126,,
968,0,,,,,0.056,0.127,,
969,0,,,,,0.056,0.128,,
970,0,,,,,0.056,0.125,,
971,0,,,,,0.056,0.126,,
972,0,,,,,0.056,0.127,,
973,0,,,,,0.056,0.124,,
974,0,,,,,0.056,0.127,,
975,0,,,,,0.056,0.132,,
976,0,,,,,0.056,0.124,,
977,0,,,,,0.056,0.125,,
978,0,,,,,0.056,0.127,,
979,0,,,,,0.056,0.127,,
980,0,,,,,0.056,0.124,,
981,0,,,,,0.056,0.127,,
982,0,,,,,0.056,0.125,,
983,0,,,,,0.056,0.132,,
984,0,,,,,0.056,0.149,,
985,0,,,,,0.056,0.131,,
986,0,,,,,0.056,0.124,,
987,0,,,,,0.056,0.124,,
988,0,,,,,0.056,0.13,,
989,0,,,,,0.056,0.143,,
990,0,,,,,0.056,0.151,,
991,0,,,,,0.056,0.13,,
992,0,,,,,0.056,0.131,,
993,0,,,,,0.056,0.126,,
994,0,,,,,0.056,0.125,,
995,0,,,,,0.056,0.125,,
996,0,,,,,0.056,0.128,,
997,0,,,,,0.056,0.123,,
998,0,,,,,0.056,0.127,,
999,0,,,,,0.056,0.125,,
1000,0,,,,,0.056,0.114,,
1001,0,,,,,0.056,0.106,,
1002,0,,,,,0.056,0.105,,
1003,0,,,,,0.056,0.106,,
1004,0,,,,,0.056,0.107,,
1005,0,,,,,0.056,0.103,,
1006,0,,,,,0.056,0.103,,
1007,0,,,,,0.056,0.106,,
1008,0,,,,,0.056,0.103,,
1009,0,,,,,0.056,0.105,,
1010,0,,,,,0.056,0.109,,
1011,0,,,,,0.056,0.104,,
1012,0,,,,,0.056,0.114,,
1013,0,,,,,0.056,0.105,,
1014,0,,,,,0.056,0.104,,
1015,0,,,,,0.056,0.105,,
1016,0,,,,,0.056,0.102,,
1017,0,,,,,0.056,0.105,,
1018,0,,,,,0.056,0.105,,
1019,0,,,,,0.056,0.106,,
1020,0,,,,,0.056,0.108,,
1021,0,,,,,0.056,0.104,,
1022,0,,,,,0.056,0.106,,
1023,0,,,,,0.056,0.103,,
1024,0,,,,,0.056,0.105,,
1025,0,,,,,0.056,0.101,,
1026,0,,,,,0.056,0.107,,
1027,0,,,,,0.056,0.104,,
1028,0,,,,,0.056,0.132,,
1029,0,,,,,0.056,0.127,,
1030,0,,,,,0.056,0.129,,
1031,0,,,,,0.056,0.124,,
1032,0,,,,,0.056,0.126,,
1033,0,,,,,0.056,0.122,,
1034,0,,,,,0.056,0.127,,
1035,0,,,,,0.056,0.128,,
1036,0,,,,,0.056,0.124,,
1037,0,,,,,0.056,0.124,,
1038,0,,,,,0.056,0.129,,
1039,0,,,,,0.056,0.122,,
1040,0,,,,,0.056,0.123,,
1041,1,Hatchback,Black,,,0.056,0.131,0.05,0.003
1042,1,Hatchback,Black,,,0.056,0.136,0.041,0.004
1043,1,Hatchback,Black,,,0.056,0.13,0.04,0.006
1044,1,Hatchback,Black,,,0.056,0.134,0.041,0.005
1045,1,Hatchback,Black,,,0.056,0.138,0.039,0.005
1046,1,Hatchback,Black,,,0.056,0.129,0.039,0.006
1047,1,Hatchback,Black,,,0.056,0.128,0.037,0.007
1048,1,Hatchback,Black,,,0.056,0.131,0.039,0.007
1049,1,Hatchback,Black,,,0.056,0.148,0.038,0.007
1050,1,Hatchback,Black,,,0.056,0.131,0.037,0.007
1051,1,Hatchback,Black,,,0.056,0.131,0.037,0.006
1052,1,Hatchback,Black,,,0.056,0.139,0.038,0.008
1053,1,Hatchback,Black,,,0.056,0.129,0.037,0.007
1054,1,Hatchback,Black,,,0.056,0.128,0.038,0.006
1055,1,Hatchback,Black,,,0.056,0.129,0.035,0.007
1056,1,Hatchback,Black,,,0.056,0.14,0.037,0.007
1057,1,Hatchback,Black,,,0.056,0.128,0.039,0.007
1058,1,Hatchback,Black,,,0.056,0.13,0.038,0.006
1059,1,Sedan,Black,,,0.056,0.131,0.037,0.006
1060,1,Hatchback,Black,,,0.056,0.128,0.036,0.012
1061,1,Hatchback,Black,,,0.056,0.129,0.036,0.007
1062,1,Hatchback,Black,,,0.056,0.134,0.041,0.005
1063,1,Hatchback,Black,,,0.056,0.137,0.039,0.004
1064,1,Hatchback,Black,,,0.056,0.129,0.037,0.004
1065,1,Hatchback,Black,,,0.056,0.133,0.036,0.004
1066,1,Hatchback,Black,,,0.056,0.13,0.037,0.002
1067,0,,,,,0.056,0.124,,
1068,0,,,,,0.056,0.127,,
1069,0,,,,,0.056,0.123,,
1070,0,,,,,0.056,0.124,,
1071,0,,,,,0.056,0.125,,
1072,0,,,,,0.056,0.123,,
1073,0,,,,,0.056,0.123,,
1074,0,,,,,0.056,0.126,,
1075,0,,,,,0.056,0.125,,
1076,0,,,,,0.056,0.123,,
1077,0,,,,,0.056,0.129,,
1078,0,,,,,0.056,0.123,,
1079,0,,,,,0.056,0.127,,
1080,0,,,,,0.056,0.125,,
1081,0,,,,,0.056,0.129,,
1082,0,,,,,0.056,0.125,,
1083,0,,,,,0.056,0.124,,
1084,0,,,,,0.056,0.128,,
1085,0,,,,,0.056,0.123,,
1086,0,,,,,0.056,0.124,,
1087,0,,,,,0.056,0.131,,
1088,0,,,,,0.056,0.126,,
1089,0,,,,,0.056,0.124,,
1090,0,,,,,0.056,0.127,,
1091,0,,,,,0.056,0.129,,
1092,0,,,,,0.056,0.124,,
1093,0,,,,,0.056,0.125,,
1094,0,,,,,0.056,0.126,,
1095,0,,,,,0.056,0.124,,
1096,0,,,,,0.056,0.125,,
1097,0,,,,,0.056,0.123,,
1098,0,,,,,0.056,0.127,,
1099,0,,,,,0.056,0.126,,
1100,0,,,,,0.056,0.127,,
1101,0,,,,,0.056,0.125,,
1102,0,,,,,0.056,0.127,,
1103,0,,,,,0.056,0.126,,
1104,0,,,,,0.056,0.124,,
1105,0,,,,,0.056,0.129,,
1106,0,,,,,0.056,0.125,,
1107,0,,,,,0.056,0.128,,
1108,0,,,,,0.056,0.127,,
1109,0,,,,,0.056,0.125,,
1110,0,,,,,0.056,0.127,,
1111,0,,,,,0.056,0.124,,
1112,0,,,,,0.056,0.128,,
1113,0,,,,,0.056,0.123,,
1114,0,,,,,0.056,0.127,,
1115,1,Hatchback,Silver,,,0.056,0.133,0.039,0.003
1116,1,Hatchback,Silver,,,0.056,0.132,0.037,0.004
1117,1,Hatchback,Silver,,,0.056,0.134,0.043,0.005
1118,1,Hatchback,Black,,,0.056,0.129,0.039,0.005
1119,1,Hatchback,Black,,,0.056,0.132,0.037,0.005
1120,2,Sedan,Black,Sedan,Black,0.056,0.152,0.073,0.014
1121,2,Hatchback,Black,Hatchback,Black,0.056,0.135,0.073,0.011
1122,2,Hatchback,Black,Hatchback,Black,0.056,0.134,0.083,0.011
1123,1,Sedan,Black,,,0.056,0.132,0.043,0.006
1124,1,Hatchback,Black,,,0.056,0.132,0.04,0.008
1125,1,Hatchback,Black,,,0.056,0.132,0.043,0.007
1126,1,Sedan,Black,,,0.056,0.133,0.039,0.007
1127,1,Hatchback,Black,,,0.056,0.132,0.038,0.006
1128,1,Hatchback,Black,,,0.056,0.139,0.046,0.006
1129,1,Sedan,Black,,,0.056,0.134,0.043,0.006
1130,1,Hatchback,Black,,,0.056,0.172,0.035,0.007
1131,1,Sedan,Black,,,0.056,0.195,0.034,0.006
1132,1,Hatchback,Black,,,0.056,0.13,0.034,0.006
1133,1,Hatchback,Black,,,0.056,0.132,0.036,0.006
1134,1,Hatchback,Black,,,0.056,0.133,0.035,0.005
1135,1,Hatchback,Black,,,0.056,0.183,0.034,0.003
1136,1,Hatchback,Black,,,0.056,0.144,0.036,0.004
1137,1,Hatchback,Silver,,,0.056,0.134,0.038,0.003
1138,0,,,,,0.056,0.124,,
1139,0,,,,,0.056,0.129,,
1140,0,,,,,0.056,0.127,,
1141,0,,,,,0.056,0.127,,
1142,0,,,,,0.056,0.123,,
1143,0,,,,,0.056,0.126,,
1144,0,,,,,0.056,0.125,,
1145,0,,,,,0.056,0.126,,
1146,0,,,,,0.056,0.127,,
1147,0,,,,,0.056,0.124,,
1148,0,,,,,0.056,0.123,,
1149,0,,,,,0.056,0.129,,
1150,0,,,,,0.056,0.124,,
1151,0,,,,,0.056,0.129,,
1152,0,,,,,0.056,0.125,,
1153,0,,,,,0.056,0.127,,
1154,0,,,,,0.056,0.127,,
1155,0,,,,,0.056,0.128,,
1156,0,,,,,0.056,0.128,,
1157,0,,,,,0.056,0.123,,
1158,0,,,,,0.056,0.128,,
1159,0,,,,,0.056,0.123,,
1160,0,,,,,0.056,0.129,,
1161,0,,,,,0.056,0.124,,
1162,0,,,,,0.056,0.124,,
1163,0,,,,,0.056,0.125,,
1164,0,,,,,0.056,0.125,,
1165,0,,,,,0.056,0.128,,
1166,0,,,,,0.056,0.122,,
1167,0,,,,,0.056,0.126,,
1168,0,,,,,0.056,0.129,,
1169,0,,,,,0.056,0.128,,
1170,0,,,,,0.056,0.124,,
1171,0,,,,,0.056,0.124,,
1172,0,,,,,0.056,0.127,,
1173,0,,,,,0.056,0.125,,
1174,0,,,,,0.056,0.13,,
1175,0,,,,,0.056,0.134,,
1176,0,,,,,0.056,0.141,,
1177,0,,,,,0.056,0.125,,
1178,0,,,,,0.056,0.107,,
1179,0,,,,,0.056,0.101,,
1180,0,,,,,0.056,0.103,,
1181,0,,,,,0.056,0.112,,
1182,0,,,,,0.056,0.105,,
1183,0,,,,,0.056,0.102,,
1184,0,,,,,0.056,0.103,,
1185,0,,,,,0.056,0.106,,
1186,0,,,,,0.056,0.103,,
1187,0,,,,,0.056,0.104,,
1188,0,,,,,0.056,0.102,,
1189,0,,,,,0.056,0.105,,
1190,0,,,,,0.056,0.103,,
1191,0,,,,,0.056,0.104,,
1192,0,,,,,0.056,0.103,,
1193,0,,,,,0.056,0.107,,
1194,0,,,,,0.056,0.104,,
1195,0,,,,,0.056,0.126,,
1196,0,,,,,0.056,0.122,,
1197,0,,,,,0.056,0.127,,
1198,0,,,,,0.056,0.127,,
1199,0,,,,,0.056,0.122,,
1200,0,,,,,0.056,0.127,,
1201,0,,,,,0.056,0.123,,
1202,0,,,,,0.056,0.125,,
1203,0,,,,,0.056,0.127,,
1204,0,,,,,0.056,0.123,,
1205,0,,,,,0.056,0.125,,
1206,0,,,,,0.056,0.13,,
1207,0,,,,,0.056,0.124,,
1208,0,,,,,0.056,0.127,,
1209,0,,,,,0.056,0.127,,
1210,0,,,,,0.056,0.124,,
1211,0,,,,,0.056,0.123,,
1212,0,,,,,0.056,0.128,,
1213,0,,,,,0.056,0.125,,
1214,0,,,,,0.056,0.123,,
1215,0,,,,,0.056,0.123,,
1216,0,,,,,0.056,0.13,,
1217,0,,,,,0.056,0.129,,
1218,0,,,,,0.056,0.124,,
1219,0,,,,,0.056,0.125,,
1220,0,,,,,0.056,0.126,,
1221,0,,,,,0.056,0.123,,
1222,0,,,,,0.056,0.125,,
1223,0,,,,,0.056,0.126,,
1224,0,,,,,0.056,0.124,,
1225,0,,,,,0.056,0.124,,
1226,0,,,,,0.056,0.124,,
1227,0,,,,,0.056,0.123,,
1228,0,,,,,0.056,0.129,,
1229,0,,,,,0.056,0.124,,
1230,0,,,,,0.056,0.124,,
1231,0,,,,,0.056,0.126,,
1232,0,,,,,0.056,0.122,,
1233,0,,,,,0.056,0.124,,
1234,0,,,,,0.056,0.124,,
1235,0,,,,,0.056,0.129,,
1236,0,,,,,0.056,0.122,,
1237,0,,,,,0.056,0.126,,
1238,0,,,,,0.056,0.124,,
1239,0,,,,,0.056,0.141,,
1240,0,,,,,0.056,0.122,,
1241,0,,,,,0.056,0.127,,
1242,0,,,,,0.056,0.125,,
1243,0,,,,,0.056,0.123,,
1244,0,,,,,0.056,0.144,,
1245,0,,,,,0.056,0.131,,
1246,0,,,,,0.056,0.127,,
1247,0,,,,,0.056,0.124,,
1248,0,,,,,0.056,0.124,,
1249,0,,,,,0.056,0.128,,
1250,0,,,,,0.056,0.129,,
1251,0,,,,,0.056,0.123,,
1252,0,,,,,0.056,0.126,,
1253,0,,,,,0.056,0.125,,
1254,0,,,,,0.056,0.125,,
1255,0,,,,,0.056,0.123,,
1256,0,,,,,0.056,0.125,,
1257,0,,,,,0.056,0.127,,
1258,0,,,,,0.056,0.13,,
1259,0,,,,,0.056,0.127,,
1260,0,,,,,0.056,0.124,,
1261,0,,,,,0.056,0.114,,
1262,0,,,,,0.056,0.103,,
1263,0,,,,,0.056,0.102,,
1264,0,,,,,0.056,0.105,,
1265,0,,,,,0.056,0.104,,
1266,0,,,,,0.056,0.105,,
1267,0,,,,,0.056,0.105,,
1268,0,,,,,0.056,0.1,,
1269,0,,,,,0.056,0.103,,
1270,0,,,,,0.056,0.103,,
1271,0,,,,,0.056,0.107,,
1272,0,,,,,0.056,0.104,,
1273,0,,,,,0.056,0.105,,
1274,0,,,,,0.056,0.102,,
1275,0,,,,,0.056,0.102,,
1276,0,,,,,0.056,0.106,,
1277,0,,,,,0.056,0.106,,
1278,0,,,,,0.056,0.102,,
1279,0,,,,,0.056,0.103,,
1280,0,,,,,0.056,0.103,,
1281,0,,,,,0.056,0.105,,
1282,0,,,,,0.056,0.103,,
1283,0,,,,,0.056,0.102,,
1284,0,,,,,0.056,0.102,,
1285,0,,,,,0.056,0.107,,
1286,0,,,,,0.056,0.102,,
1287,0,,,,,0.056,0.101,,
1288,0,,,,,0.056,0.1,,
1289,0,,,,,0.056,0.109,,
1290,0,,,,,0.056,0.127,,
1291,0,,,,,0.056,0.123,,
1292,0,,,,,0.056,0.124,,
1293,0,,,,,0.056,0.128,,
1294,0,,,,,0.056,0.125,,
1295,0,,,,,0.056,0.124,,
1296,0,,,,,0.056,0.125,,
1297,0,,,,,0.056,0.124,,
1298,0,,,,,0.056,0.131,,
1299,0,,,,,0.056,0.125,,
1300,0,,,,,0.056,0.126,,
1301,0,,,,,0.056,0.128,,
1302,0,,,,,0.056,0.122,,
1303,0,,,,,0.056,0.127,,
1304,0,,,,,0.056,0.128,,
1305,0,,,,,0.056,0.128,,
1306,0,,,,,0.056,0.123,,
1307,0,,,,,0.056,0.126,,
1308,0,,,,,0.056,0.126,,
1309,0,,,,,0.056,0.127,,
1310,0,,,,,0.056,0.116,,
1311,0,,,,,0.056,0.102,,
1312,0,,,,,0.056,0.105,,
1313,0,,,,,0.056,0.102,,
1314,0,,,,,0.056,0.107,,
1315,0,,,,,0.056,0.101,,
1316,0,,,,,0.056,0.102,,
1317,0,,,,,0.056,0.105,,
1318,0,,,,,0.056,0.103,,
1319,0,,,,,0.056,0.104,,
1320,0,,,,,0.056,0.106,,
1321,0,,,,,0.056,0.114,,
1322,0,,,,,0.056,0.114,,
1323,0,,,,,0.056,0.118,,
1324,0,,,,,0.056,0.123,,
1325,0,,,,,0.056,0.11,,
1326,0,,,,,0.056,0.121,,
1327,0,,,,,0.056,0.114,,
1328,0,,,,,0.056,0.113,,
1329,0,,,,,0.056,0.151,,
1330,0,,,,,0.056,0.104,,
1331,0,,,,,0.056,0.116,,
1332,0,,,,,0.056,0.105,,
1333,0,,,,,0.056,0.107,,
1334,0,,,,,0.056,0.109,,
1335,0,,,,,0.056,0.115,,
1336,0,,,,,0.056,0.115,,
1337,0,,,,,0.056,0.126,,
1338,0,,,,,0.056,0.179,,
1339,0,,,,,0.056,0.144,,
1340,0,,,,,0.056,0.133,,
1341,0,,,,,0.056,0.138,,
1342,0,,,,,0.056,0.136,,
1343,0,,,,,0.056,0.123,,
1344,0,,,,,0.056,0.124,,
1345,0,,,,,0.056,0.132,,
1346,0,,,,,0.056,0.124,,
1347,0,,,,,0.056,0.125,,
1348,0,,,,,0.056,0.132,,
1349,0,,,,,0.056,0.127,,
1350,0,,,,,0.056,0.132,,
1351,0,,,,,0.056,0.128,,
1352,0,,,,,0.056,0.131,,
1353,0,,,,,0.056,0.128,,
1354,0,,,,,0.056,0.185,,
1355,0,,,,,0.056,0.163,,
1356,0,,,,,0.056,0.145,,
1357,0,,,,,0.056,0.152,,
1358,0,,,,,0.056,0.173,,
1359,0,,,,,0.056,0.171,,
1360,0,,,,,0.056,0.142,,
1361,0,,,,,0.056,0.158,,
1362,0,,,,,0.056,0.147,,
1363,0,,,,,0.056,0.148,,
1364,0,,,,,0.056,0.126,,
1365,0,,,,,0.056,0.131,,
1366,0,,,,,0.056,0.144,,
1367,0,,,,,0.056,0.136,,
1368,0,,,,,0.056,0.141,,
1369,0,,,,,0.056,0.125,,
1370,0,,,,,0.056,0.125,,
1371,0,,,,,0.056,0.123,,
1372,0,,,,,0.056,0.127,,
1373,0,,,,,0.056,0.123,,
1374,0,,,,,0.056,0.124,,
1375,0,,,,,0.056,0.128,,
1376,0,,,,,0.056,0.127,,
1377,0,,,,,0.056,0.126,,
1378,0,,,,,0.056,0.13,,
1379,0,,,,,0.056,0.125,,
1380,0,,,,,0.056,0.123,,
1381,0,,,,,0.056,0.123,,
1382,0,,,,,0.056,0.127,,
1383,0,,,,,0.056,0.125,,
1384,0,,,,,0.056,0.126,,
1385,0,,,,,0.056,0.129,,
1386,0,,,,,0.056,0.127,,
1387,0,,,,,0.056,0.125,,
1388,0,,,,,0.056,0.123,,
1389,0,,,,,0.056,0.124,,
1390,0,,,,,0.056,0.126,,
1391,0,,,,,0.056,0.124,,
1392,0,,,,,0.056,0.125,,
1393,0,,,,,0.056,0.124,,
1394,0,,,,,0.056,0.141,,
1395,0,,,,,0.056,0.124,,
1396,0,,,,,0.056,0.126,,
1397,0,,,,,0.056,0.128,,
1398,0,,,,,0.056,0.124,,
1399,0,,,,,0.056,0.13,,
1400,0,,,,,0.056,0.123,,
1401,0,,,,,0.056,0.122,,
1402,0,,,,,0.056,0.123,,
1403,0,,,,,0.056,0.127,,
1404,0,,,,,0.056,0.126,,
1405,0,,,,,0.056,0.126,,
1406,0,,,,,0.056,0.124,,
1407,0,,,,,0.056,0.125,,
1408,0,,,,,0.056,0.124,,
1409,0,,,,,0.056,0.123,,
1410,0,,,,,0.056,0.125,,
1411,0,,,,,0.056,0.123,,
1412,0,,,,,0.056,0.124,,
1413,0,,,,,0.056,0.127,,
1414,0,,,,,0.056,0.125,,
1415,0,,,,,0.056,0.125,,
1416,0,,,,,0.056,0.124,,
1417,0,,,,,0.056,0.123,,
1418,0,,,,,0.056,0.126,,
1419,0,,,,,0.056,0.123,,
1420,0,,,,,0.056,0.125,,
1421,0,,,,,0.056,0.113,,
1422,0,,,,,0.056,0.104,,
1423,0,,,,,0.056,0.101,,
1424,0,,,,,0.056,0.103,,
1425,0,,,,,0.056,0.105,,
1426,0,,,,,0.056,0.101,,
1427,0,,,,,0.056,0.102,,
1428,0,,,,,0.056,0.102,,
1429,0,,,,,0.056,0.104,,
1430,0,,,,,0.056,0.101,,
1431,0,,,,,0.056,0.102,,
1432,0,,,,,0.056,0.102,,
1433,0,,,,,0.056,0.101,,
1434,0,,,,,0.056,0.107,,
1435,0,,,,,0.056,0.101,,
1436,1,Hatchback,Silver,,,0.056,0.104,0.044,0.002
1437,1,Hatchback,Silver,,,0.056,0.113,0.042,0.003
1438,1,Hatchback,Silver,,,0.056,0.124,0.039,0.005
1439,0,,,,,0.056,0.172,,
1440,1,Hatchback,Black,,,0.056,0.108,0.039,0.006
1441,1,Hatchback,Black,,,0.056,0.127,0.039,0.005
1442,2,Hatchback,Black,Hatchback,Black,0.056,0.111,0.078,0.013
1443,1,Hatchback,Black,,,0.056,0.111,0.039,0.006
1444,1,Hatchback,Black,,,0.056,0.107,0.04,0.005
1445,1,Hatchback,Black,,,0.056,0.108,0.039,0.006
1446,1,Hatchback,Black,,,0.056,0.107,0.043,0.006
1447,1,Hatchback,Black,,,0.056,0.115,0.039,0.006
1448,1,Hatchback,Black,,,0.056,0.144,0.037,0.006
1449,1,Hatchback,Black,,,0.056,0.136,0.039,0.007
1450,1,Hatchback,Black,,,0.056,0.129,0.04,0.005
1451,1,Sedan,Black,,,0.056,0.15,0.042,0.007
1452,1,Sedan,Black,,,0.056,0.146,0.04,0.006
1453,1,Hatchback,Black,,,0.056,0.132,0.039,0.007
1454,1,Hatchback,Black,,,0.056,0.134,0.04,0.004
1455,0,,,,,0.056,0.123,,
1456,1,Hatchback,Black,,,0.056,0.133,0.04,0.003
1457,1,Hatchback,Black,,,0.056,0.135,0.038,0.003
1458,1,Hatchback,Black,,,0.056,0.131,0.038,0.003
1459,0,,,,,0.056,0.125,,
1460,0,,,,,0.056,0.123,,
1461,0,,,,,0.056,0.126,,
1462,0,,,,,0.056,0.127,,
1463,0,,,,,0.056,0.131,,
1464,0,,,,,0.056,0.124,,
1465,0,,,,,0.056,0.125,,
1466,0,,,,,0.056,0.127,,
1467,0,,,,,0.056,0.123,,
1468,0,,,,,0.056,0.123,,
1469,0,,,,,0.056,0.122,,
1470,0,,,,,0.056,0.129,,
1471,0,,,,,0.056,0.123,,
1472,0,,,,,0.056,0.128,,
1473,0,,,,,0.056,0.124,,
1474,0,,,,,0.056,0.123,,
1475,0,,,,,0.056,0.125,,
1476,0,,,,,0.056,0.122,,
1477,0,,,,,0.056,0.125,,
1478,0,,,,,0.056,0.128,,
1479,0,,,,,0.056,0.122,,
1480,0,,,,,0.056,0.128,,
1481,0,,,,,0.056,0.123,,
1482,0,,,,,0.056,0.124,,
1483,0,,,,,0.056,0.123,,
1484,1,Hatchback,Silver,,,0.056,0.129,0.037,0.004
1485,0,,,,,0.056,0.126,,
1486,0,,,,,0.056,0.123,,
1487,0,,,,,0.056,0.122,,
1488,0,,,,,0.056,0.127,,
1489,0,,,,,0.056,0.125,,
1490,0,,,,,0.056,0.124,,
1491,0,,,,,0.056,0.125,,
1492,0,,,,,0.056,0.124,,
1493,0,,,,,0.056,0.123,,
1494,0,,,,,0.056,0.124,,
1495,0,,,,,0.056,0.124,,
